Grondwoord,Middenkolom,Betekenis,Woordsoort,Extra,Bron
-que,-,en,voegwoord,nevenschikkend,1e jaar
(ali)quis,"(ali)qua, (ali)quid",iemand,voornaamwoord,onbepaald,2e jaar
ā/ab,+abl.,"vanaf, vandaan, van; door",voorzetsel,+abl.,1e jaar
abesse,"absum, āfuī, āfutūrum","afwezig zijn, verwijderd zijn, niet deelnemen (ab: aan)",werkwoord,onregelmatig,C1T4
ābicere,"ābiciō, ābiēcī, ābiectum",weggooien,werkwoord,ĭ-vervoeging,2e jaar
ac/atque,,"en, ook",voegwoord,nevenschikkend,C1T3
accēdere,"accēdō, accessī, accessum","naderen, erbij komen",werkwoord,consonantvervoeging,1e jaar
accidere,"accidō, accidī, -","neervallen, gebeuren, overkomen",all,consonantvervoeging,C1T5
accipere,"accipiō, accēpī, acceptum","ontvangen, vernemen",werkwoord,ĭ-vervoeging,1e jaar
ācer,"ācris, ācre","scherp, fel, hevig",adjectief,2e klasse,2e jaar
aciēs,aciēī,"de scherpte, de slagorde, het (opgestelde) leger",substantief,3e klasse,C1T4
ad,+acc.,"bij, tot, naar",voorzetsel,+acc.,1e jaar
adeo,-,zozeer,bijwoord,,C1T3
admirārī,"admiror, admirātus sum","bewonderen, zich verwonderen",werkwoord,a-vervoeging,1e jaar
adprehendere,"adprehendō, adprendī, adprēnsum",vastpakken,werkwoord,consonantvervoeging,1e jaar
adversārius,adversāriī,de tegenstander,substantief,1e klasse,C1T1
adversus,+acc.,"gekeerd naar, ongunstig",voorzetsel,+acc.,C1T1
aedificāre,"aedificō, aedificāvī, aedificātum","bouwen, oprichten",werkwoord,a-vervoeging,C1T5
aedificium,aedificiī,het gebouw,substantief,1e klasse,C1T5
aetās,aetātis,"de tijd, de leeftijd",substantief,2e klasse,1e jaar
afficere,"afficiō, affēcī, affectum","voorzien, vervullen, aandoen, indruk maken op",werkwoord,ĭ-vervoeging,C1T3
agitāre,"agitō, agitāvī, agitātum","bedrijven, zich bezighouden met",werkwoord,a-vervoeging,C1T1
āla,ālae,de vleugel,substantief,1e klasse,1e jaar
aliēnus,"aliēna, aliēnum","van een ander, vreemd, vijandig, ongepast",adjectief,1e klasse,C1T5
aliquot,,"enige, een aantal",adjectief,onverbuigbaar,C1T3
alius,"alia, aliud",(een) ander,voornaamwoord,onbepaald,1e jaar
āltus,"ālta, āltum","hoog, diep",adjectief,1e klasse,2e jaar
amāre,"amō, amāvī, amātum","liefhebben, houden van",werkwoord,a-vervoeging,1e jaar
amīcus,amīcī,de vriend,substantief,1e klasse,1e jaar
amor,amōris,de liefde,substantief,2e klasse,1e jaar
annus,annī,het jaar,substantief,1e klasse,1e jaar
ante,+acc.,voor,voorzetsel,+acc.,C1T2
anteā,-,"vroeger, tevoren",bijwoord,-,1e jaar
antecēdere,"antecēdō, antecessī, antecessum","voorafgaan, overtreffen",werkwoord,consonantvervoeging,C1T2
apparēre,"appāreō, apparuī, apparitum","tevoorschijn komen, verschijnen, blijken, duidelijk zijn (onpers.)",werkwoord,e-vervoeging,C1T5
appellāre,"appellō, appellāvī, appellātum","noemen, toespreken",werkwoord,a-vervoeging,1e jaar
apud,+acc.,bij,voorzetsel,+acc.,C1T1
aqua,aquae,het water,substantief,1e klasse,2e jaar
arbitrium,arbitrii,"het oordeel, de beslissing",substantief,1e klasse,C1T1
argentum,argentī,het zilver,substantief,1e klasse,2e jaar
arma,armōrum,de wapens,substantief,1e klasse,1e jaar
armāre,"armō, armāvī, armātum","bewapenen, uitrusten",werkwoord,a-vervoeging,C1T5
arripere,"arripiō, arripuī, arreptum","grijpen, arresteren, aanvallen, oppakken, absorberen",werkwoord,ĭ-vervoeging,1e jaar
arx,arcis,de burcht,substantief,2e klasse,1e jaar
audēre,"audeō, ausus sum",durven,werkwoord,e-vervoeging,C1T5
audīre,"audiō, audīvī, audītum","horen, vernemen, luisteren",werkwoord,ī-vervoeging,1e jaar
auris,auris,het oor,substantief,2e klasse,2e jaar
aut,-,of,voegwoord,nevenschikkend,2e jaar
autem,-,"maar, echter",voegwoord,nevenschikkend,2e jaar
avus,avī,"de grootvader, de opa",substantief,1e klasse,1e jaar
bellāre,"bellō, bellāvī, bellātum",oorlog voeren,werkwoord,a-vervoeging,C1T1
bellum,bellī,de oorlog,substantief,1e klasse,1e jaar
bene,-,goed,bijwoord,,C1T3
bīduum,bīdūī,(periode van) twee dagen,substantief,1e klasse,C1T4
bis,-,tweemaal,telwoord,telbijwoord,1e jaar
bonus,"bona, bonum",goed,adjectief,1e klasse,1e jaar
bracchium,bracchiī,de arm,substantief,1e klasse,1e jaar
C,-,afkorting van voornaam Gāius,substantief,1e klasse,C1T1
cadere,"cadō, cecidī, cāsum","vallen, sneuvelen",werkwoord,consonantvervoeging,1e jaar
calamitās,calamitātis,de ramp,substantief,2e klasse,C1T1
campus,campī,"het veld, de vlakte, de open ruimte",substantief,1e klasse,C1T4
canis,canis,de hond,substantief,2e klasse,1e jaar
capere,"capiō, cēpī, captum","nemen, bereiken",werkwoord,ĭ-vervoeging,1e jaar
caput,capitis o.,het hoofd; de hoofdstad; het hoofdstuk,substantief,2e klasse,1e jaar
castellum,castellī,"het fort, het bergdorp, het toevluchtsoord",substantief,1e klasse,C1T5
castra,castrōrum,"het kamp, de legerplaats",substantief,1e klasse,1e jaar
cāsus,cāsūs,"de val, het voorval, het toeval, de ondergang",substantief,3e klasse,C1T5
cavēre,"caveō, cāvī, cautum","op zijn hoede zijn, oppassen voor",werkwoord,e-vervoeging,1e jaar
cēdere,"cēdō, cessī, cessum","gaan, weggaan, wijken",werkwoord,consonantvervoeging,C1T1
celer,"celeris, celere","snel, behendig",adjectief,2e klasse,C1T5
cēnāre,"cēnō, cēnavī, cēnātum","de maaltijd gebruiken, (op)eten",werkwoord,a-vervoeging,C1T5
centum,-,100,telwoord,hoofdtelwoord,2e jaar
cēterī,"cēterae, cētera","de anderen, de rest",voornaamwoord,onbepaald,1e jaar
cibus,cibī,het voedsel,substantief,1e klasse,2e jaar
circiter,-,"ongeveer, rondom",bijwoord,,C1T4
circumdare,"circumdō, circumdedī, circumdatum","plaatsen rondom, omgeven",werkwoord,a-vervoeging,C1T5
circumīre,"circumeō, circumiī, circumitum","gaan rond, omsingelen, bezichtigen, van de ene naar de andere gaan",werkwoord,onregelmatig,C1T5
circumstāre,"circumstō, circumstetī","eromheen staan, dreigen",werkwoord,a-vervoeging,1e jaar
circumvenīre,"circumveniō, circumvēnī, circumventum","omsingelen, omgeven, in het nauw brengen",werkwoord,ī-vervoeging,C1T3
clāmāre,"clāmō, clamāvī, clamātum","roepen, schreeuwen",werkwoord,a-vervoeging,1e jaar
classis,classis,de vloot,substantief,2e klasse,C1T1
cōgere,"cōgō, coēgī, coactum","verzamelen, dwingen",werkwoord,consonantvervoeging,2e jaar
collēga,collēgae,"de collega, de ambtsgenoot",substantief,1e klasse,C1T3
colligere,"colligō, collēgī, collectum","verzamelen, verkrijgen, concluderen",werkwoord,consonantvervoeging,C1T4
collis,collis m.,de heuvel,substantief,2e klasse,1e jaar
colloquium,colloquiī,het gesprek,substantief,1e klasse,C1T4
collum,collī,de nek,substantief,1e klasse,1e jaar
compōnere,"compōnō, composuī, compositum","(samen) plaatsen, opstellen, oprichten, verzinnen, tot bedaren brengen, ordenen",werkwoord,consonantvervoeging,C1T1
comprehendere ,"compre(he)ndō, comprehendī, comprehensum","grijpen, betrappen, aan het licht brengen, aan elkaar vastmaken, begrijpen",werkwoord,consonantvervoeging,C1T5
cōnārī,"cōnor, cōnātus sum","proberen, zich inspannen",werkwoord,a-vervoeging,C1T2
concidere,"concidō, concīdī, -","instorten, verdwijnen, het onderspit delven",werkwoord,consonantvervoeging,C1T2
conciliāre,"conciliō, conciliāvī, conciliātum","gunstig stemmen, verschaffen, tot stand brengen",werkwoord,a-vervoeging,C1T1
condere,"condō, condidī, conditum","stichten, opbergen, verbergen",werkwoord,consonantvervoeging,1e jaar
condiciō,condiciōnis,"de voorwaarde, de toestand, de overeenkomst",substantief,2e klasse,C1T4
conficere,"cōnficiō, confēcī, confectum",afmaken,werkwoord,ĭ-vervoeging,2e jaar
cōnflīgere,"cōnflīgō, cōnflīxī, cōnflīctum","slaan, strijden",werkwoord,consonantvervoeging,C1T3
congredī,"congredior, congressus sum","samenkomen, strijden",werkwoord,consonantvervoeging,C1T4
cōnscrībere,"cōnscrībō, cōnscrīpsī, cōnscrīptum","bijschrijven (op een lijst), rekruteren (soldaten), beschrijven",werkwoord,consonantvervoeging,C1T5
cōnserere,"cōnserō, cōnseruī, cōnsertum","leveren, samenvoegen",werkwoord,consonantvervoeging,C1T3
cōnsilium,cōnsiliī,"het plan, het beleid, het besluit, de raad",substantief,1e klasse,1e jaar
constāre,"cōnstō, constiti, constātum","vaststaan, kosten",werkwoord,a-vervoeging,2e jaar
cōnsuescere,"cōnsuēscō, cōnsuēvī, cōnsuētum","gewoon worden, laten wennen",werkwoord,consonantvervoeging,C1T5
cōnsuētūdō,cōnsuētūdinis,"de gewoonte, de ervaring, de vriendschappelijke omgang",substantief,2e klasse,C1T5
cōnsulāris,cōnsulāris,de voormalige consul,substantief,2e klasse,C1T3
contrā,+acc.,"tegen, aan de andere kant van",voorzetsel,+acc.,2e jaar
contrahere,"contrahō, contrāxī, contractum","samentrekken, verzamelen, veroorzaken, (zaken) aangaan",werkwoord,consonantvervoeging,C1T4
convenire,"conveniō, convēnī, conventum","samenkomen, overeenkomen, passen (dat.: bij)",werkwoord,ī-vervoeging,C1T4
cōpia,cōpiae,"de voorraad, de gelegenheid; (mv.) de troepen",substantief,1e klasse,1e jaar
cornu,cornūs,"de hoorn, het gewei, de (leger)flank",substantief,3e klasse,2e jaar
corōna,corōnae,de krans,substantief,1e klasse,2e jaar
corpus,corporis,"het lichaam, het lijk",substantief,2e klasse,1e jaar
crūdēlis,"crūdēlis, crūdēle",wreed,adjectief,2e klasse,2e jaar
cum,-,"toen, nadat, omdat, hoewel",voegwoord,onderschikkend,C1T1
cum,+abl.,(samen) met,voorzetsel,+abl.,1e jaar
cūnctus,"cūncta, cūnctum","(enk.) geheel, (mv.) alle",adjectief,1e klasse,C1T2
cupere,"cupiō, cupīvī, cupītum","verlangen, begeren",werkwoord,ĭ-vervoeging,1e jaar
cupiditās,cupiditātis,het verlangen,substantief,2e klasse,C1T1
cūrāre,"cūrō, cūrāvī, cūrātum",zorgen voor,werkwoord,a-vervoeging,2e jaar
custōs,custōdis,"de bewaker, de wacht",substantief,2e klasse,1e jaar
dare,"dō, dedī, datum",geven,werkwoord,a-vervoeging,2e jaar
dē,+abl.,"vanaf, weg van/uit, over",voorzetsel,+abl.,2e jaar
dēbēre,"dēbeō, dēbuī, dēbitum","moeten, verschuldigd zijn",werkwoord,e-vervoeging,1e jaar
dēcēdere,"dēcēdō, dēcessī, dēcessum","weggaan, sterven",werkwoord,consonantvervoeging,C1T1
decem,-,10,telwoord,hoofdtelwoord,2e jaar
dēcernere,"dēcernō, dēcrēvī, dēcrētum","oordelen, beslissen, toewijzen",werkwoord,consonantvervoeging,C1T3
decimus,"decima, decimum",10e,telwoord,rangtelwoord,2e jaar
dēdere,"dēdō, dēdidī, dēditum",overgeven,werkwoord,consonantvervoeging,C1T1
dēfendere,"dēfendō, dēfendī, dēfēnsum","afweren, verdedigen (ab: tegen), beschermen (ab: voor)",werkwoord,consonantvervoeging,C1T4
dēferre,"dēferō, dētulī, dēlātum","naar beneden brengen, webbrengen, melden, overdragen, voorleggen",werkwoord,consonantvervoeging,C1T5
deinde,-,"daarna, vervolgens",bijwoord,-,1e jaar
dēligere,"dēligō, dēlēgī, dēlēctum",(uit)kiezen,werkwoord,consonantvervoeging,C1T3
dēnique,-,"tenslotte, eindelijk, kortom",bijwoord,-,1e jaar
dens,dentis m.,de tand,substantief,2e klasse,2e jaar
deus,deī,de god; God,substantief,1e klasse,1e jaar
dexter,"dextra, dextrum",rechter-,adjectief,1e klasse,C1T3
dīcere,"dīcō, dīxī, dictum",zeggen,werkwoord,consonantvervoeging,1e jaar
dictum,dictī,"het woord, het gezegde, het bevel, de belofte",substantief,1e klasse,C1T4
diēs,diēī m./v.,de dag,substantief,3e klasse,1e jaar
difficilis,"difficilis, difficile",moeilijk,adjectief,2e klasse,1e jaar
dīlēctus,dīlēctūs,"de lichting (van soldaten), de verliezing",substantief,3e klasse,C1T4
dimittere,"dimittō, dimīsī, dimissum","wegzenden, laten gaan, kwijtschelden",werkwoord,consonantvervoeging,C1T3
diū,-,"lang, lange tijd",bijwoord,-,C1T1
dīvidere,"dīvidō, dīvīsī, dīvīsum","verdelen, scheiden",werkwoord,consonantvervoeging,1e jaar
domus,domūs v.,het huis,substantief,3e klasse,1e jaar
donicum,-,"terwijl, zolang als, totdat",voegwoord,onderschikkend,C1T1
dōnum,dōnī,het geschenk,substantief,1e klasse,1e jaar
dormīre,"dormiō, dormīvī, dormītum",slapen,werkwoord,ī-vervoeging,2e jaar
dubitāre,"dubitō, dubitāvī, dubitātum","twijfelen, aarzelen",werkwoord,a-vervoeging,C1T2
dum,-,"terwijl, zolang als, totdat, mits",voegwoord,onderschikkend,1e jaar
duo,"duae, duo",2,telwoord,hoofdtelwoord,2e jaar
dūrus,"dūra, dūrum",hard,adjectief,1e klasse,1e jaar
dux,ducis m.,de leider,substantief,2e klasse,1e jaar
ē/ex,+abl.,"uit, sinds, vanwege",voorzetsel,+abl.,1e jaar
eā … quā,-,daarlangs … waarlangs,bijwoord,-,1e jaar
efficere,"efficiō, effēcī, effectum","tot stand brengen, iemand maken tot (met BVG/DVB)",werkwoord,ĭ-vervoeging,C1T2
effugere,"effugiō, effūgī, -","ontsnappen (acc.: aan), mijden, (onpers.) ontgaan",werkwoord,ĭ-vervoeging,C1T4
effundere,"effundō, effūdī, effūsum","uitgieten, vergieten",werkwoord,consonantvervoeging,2e jaar
egō,meī,ik,voornaamwoord,persoonlijk,2e jaar
elephantus,elephantī,de olifant; de ivoor,substantief,1e klasse,C1T2
ēligere,"ēligō, ēlēgī, ēlectum","uitkiezen, selecteren",werkwoord,consonantvervoeging,1e jaar
enim,-,"namelijk, immers, want, natuurlijk",voegwoord,nevenschikkend,C1T5
ēnumerāre,"ēnumerō, ēnumerāvī, ēnumerātum","berekenen, optellen, opsommen",werkwoord,a-vervoeging,C1T4
equus,equī,het paard,substantief,1e klasse,1e jaar
ergō,-,dus,voegwoord,nevenschikkend,1e jaar
errāre,"errō, errāvī, errātum","rondzwerven, dwalen, zich vergissen",werkwoord,a-vervoeging,1e jaar
esse,"sum, fuī",zijn,werkwoord,onregelmatig,1e jaar
et,-,"en, ook, zelfs",voegwoord,nevenschikkend,1e jaar
etiam,-,"ook, zelfs",bijwoord,-,1e jaar
etsī,-,"hoewel, ofschoon",voegwoord,onderschikkend,C1T1
excēdere,"excēdō, excessī, excessum","weggaan, overschrijden, uitlopen",werkwoord,consonantvervoeging,C1T4
excitāre,"excitō, excitāvī, excitātum","opwekken, opruien, aanzetten tot",werkwoord,a-vervoeging,1e jaar
exclāmāre,"exclāmō, exclamāvī, exclamātum",uitroepen,werkwoord,a-vervoeging,2e jaar
exercitus,exercitūs,het leger,substantief,3e klasse,1e jaar
exhaurīre,"exhauriō, exhausī, exhaustum","uitputten, leegdrinken",werkwoord,ī-vervoeging,C1T1
exīstimāre,"exīstimō, exīstimāvī, exīstimātum","menen, beschouwen, (+gen.) waard achten",werkwoord,a-vervoeging,C1T5
exitus,exitūs,"de uitgang, het einde, de uitweg",substantief,3e klasse,C1T5
facere,"faciō, fēcī, factum","maken, doen",werkwoord,ĭ-vervoeging,1e jaar
facilis,"facilis, facile","gemakkelijk, vriendelijk, bedreven, (+dat.) bereid tot",adjectief,2e klasse,C1T5
factum,factī,"de daad, het feit",substantief,1e klasse,C1T2
facultās,facultātis,"de mogelijkheid, de vaardigheid, het redenaarstalent, de voorraad, (mv.) de middelen",substantief,2e klasse,C1T4
famēs,famis,de honger,substantief,2e klasse,1e jaar
familia,familiae,de familie,substantief,1e klasse,2e jaar
fēlix,fēlicis,"gelukkig, welvarend",adjectief,2e klasse,2e jaar
ferē,-,"bijna, bijna altijd",bijwoord,-,2e jaar
ferōcia,ferōciae,"de strijdlust, de felheid",substantief,1e klasse,C1T1
ferre,"ferō, tulī, lātum","brengen, dragen",werkwoord,onregelmatig,C1T1
fierī,"fiō, factus sum","worden, gemaakt worden, gebeuren",werkwoord,onregelmatig,1e jaar
fīlia,fīliae,de dochter,substantief,1e klasse,1e jaar
fīlius,fīliī,de zoon,substantief,1e klasse,1e jaar
fīnis,fīnis m,"de grens, het einde",substantief,2e klasse,C1T1
flāgitium,flāgitii,"de schanddaad, de misdaad",substantief,1e klasse,C1T1
flagrāre,"flagrō, flagrāvī, flagrātum",hevig branden,werkwoord,a-vervoeging,C1T1
flōs,flōris,de bloem,substantief,2e klasse,1e jaar
foris,foris,"de deurvleugel, de toegang, (mv.) de deur",substantief,2e klasse,C1T5
fortis,"fortis, forte","sterk, dapper",adjectief,2e klasse,1e jaar
fortitūdō,fortitūdinis,"de dapperheid, de sterkte",substantief,2e klasse,C1T2
fortuītus,"fortuīta, fortuītum","toevallig, spontaan",adjectief,1e klasse,C1T5
fortūna,fortūnae,"het lot, het geluk, de hoge positie; het ongeluk; (mv.) het vermogen, het bezit",substantief,1e klasse,1e jaar
frangere,"frangō, frēgī, fractum",breken,werkwoord,consonantvervoeging,2e jaar
frūctus,frūctūs,"de vrucht, het genieten, de opbrengst",substantief,3e klasse,1e jaar
fuga,fugae,"de vlucht, de verbanning, de haast, de afkeer",substantief,1e klasse,C1T4
fugāre,"fugō, fugāvī, fugātum",op de vlucht jagen,werkwoord,a-vervoeging,1e jaar
fugere,"fugiō, fūgī",vluchten,werkwoord,ĭ-vervoeging,1e jaar
geminī,geminōrum,de tweelingen,substantief,1e klasse,1e jaar
gēns,gentis,"het volk, het geslacht",substantief,2e klasse,C1T2
genus,generis,"de soort, de afkomst, het geslacht",substantief,2e klasse,2e jaar
gerere,"gerō, gessī, gestum","dragen, doen",werkwoord,consonantvervoeging,1e jaar
gladius,gladiī,het zwaard,substantief,1e klasse,1e jaar
gravis,"gravis, grave","zwaar, ernstig",adjectief,2e klasse,C1T3
habēre,"habeō, habuī, habitum","hebben, houden",werkwoord,e-vervoeging,1e jaar
habitāre,"habitō, habiāvī, habitātum",wonen,werkwoord,a-vervoeging,1e jaar
hic,"haec, hoc","deze, dit",voornaamwoord,aanwijzend,1e jaar
hiems,hiemis,de winter,substantief,2e klasse,2e jaar
hinc,-,"van hier, van nu af aan, als gevolg daarvan",bijwoord,-,2e jaar
hodiē,-,vandaag,bijwoord,-,C1T2
homō,hominis m.,"de mens, de man",substantief,2e klasse,1e jaar
hortārī,"hortor, hortātus sum","aansporen, aanvuren",werkwoord,a-vervoeging,1e jaar
hospitium,hospitiī,"de gastvriendschap, het gastvrij onthaal, de herberg",substantief,1e klasse,C1T5
hostis,hostis m.,de vijand,substantief,2e klasse,1e jaar
hūc,-,"hierheen, hierbij, tot dit punt",bijwoord,-,C1T5
hūmānus,"hūmāna, hūmānum","beschaafd, menselijk",adjectief,1e klasse,1e jaar
humus,humī v.,"de grond, de bodem",substantief,1e klasse,1e jaar
iacere,"iaciō, iēcī, iactum",gooien,werkwoord,ĭ-vervoeging,1e jaar
iam,-,"al, reeds",bijwoord,-,2e jaar
iānua,iānuae,"de (huis)deur, de toegang",substantief,1e klasse,C1T5
ibī,-,daar,bijwoord,-,1e jaar
īdem,"eadem, idem",dezelfde,voornaamwoord,aanwijzend,1e jaar
ille,"illa, illud","die, dat, hij, zij, het",voornaamwoord,aanwijzend,2e jaar
illinc,-,daarvandaan,bijwoord,-,2e jaar
imperāre,"imperō, imperāvī, imperātum",bevelen,werkwoord,a-vervoeging,1e jaar
imperātor,imperātōris,"de (opper)bevelhebber, de keizer",substantief,2e klasse,C1T2
imperium,imperiī n.,"het bevel, het gezag, de heerschappij, het rijk",substantief,1e klasse,1e jaar
impraesentiārum,-,voor het ogenblik,bijwoord,,C1T4
in,+abl.,"in, op, tijdens",voorzetsel,+abl.,1e jaar
in,+acc.,"naar, tegen, tot",voorzetsel,+acc.,1e jaar
incendium,incendii,de brand,substantief,1e klasse,2e jaar
incipere,"incipiō, incēpī, inceptum",beginnen,werkwoord,ĭ-vervoeging,1e jaar
incolere,"incolō, incoluī, incultum","wonen in, bewonen",werkwoord,consonantvervoeging,2e jaar
incrēdibilis,"incrēdibilis, incrēdibile",ongelooflijk,adjectief,2e klasse,C1T4
inde,-,"daarvandaan, sindsdien, daarna, vandaar, daarom",bijwoord,,C1T3
inde,-,"daarvandaan, sindsdien, daarna, vandaar, daarom",bijwoord,,C1T4
inermis,"inermis, inerme","ongewapend, weerloos, niemand kwetsend",adjectief,2e klasse,C1T2
īnfitiāri,"īnfitior, īnfitiātus sum","ontkennen, tegenspreken",werkwoord,a-vervoeging,C1T2
infrā,+acc.,lager,voorzetsel,+acc.,1e jaar
inimīcus,"inimīca, inimīcum","nadelig, vijandig (tegenover: dat.), gehaat (bij: dat.) ",adjectief,1e klasse,C1T5
inquam,inquam,"ik zeg, ik zei",werkwoord,onregelmatig,2e jaar
inquit,inquit,"hij/zij zegt, hij/zij zei",werkwoord,onregelmatig,2e jaar
insidēre,"insidēo, insēdī, insessum","zich houden aan, grijpen, in bezit nemen, vasthouden, bezetten",werkwoord,e-vervoeging,1e jaar
īnsidiae,īnsidiārum,de hinderlaag,substantief,1e klasse,C1T3
īnsidiārī,"īnsidiōr, īnsidiātus sum","in een hinderlaag liggen, loeren (dat.: op)",werkwoord,a-vervoeging,C1T4
insula,insulae,het eiland,substantief,1e klasse,C1T1
intellegere/intelligere,"intellegō/intelligō, intellexī, intellectum","inzien, begrijpen",werkwoord,consonantvervoeging,C1T1
inter,+acc.,"tussen, temidden van",voorzetsel,+acc.,1e jaar
interficere,"interficiō, interfēcī, interfectum",doden,werkwoord,ĭ-vervoeging,1e jaar
interim,-,"intussen, voorlopig",bijwoord,-,1e jaar
invenīre,"inveniō, invēnī, inventum","vinden, uitvinden",werkwoord,ī-vervoeging,1e jaar
invictus,"invicta, invictum","onoverwonnen, onoverwinnelijk, onverwoestbaar",adjectief,1e klasse,C1T4
ipse,"ipsa, ipsum",zelf,voornaamwoord,aanwijzend,1e jaar
īrātus,"īrāta, īrātum",boos,adjectief,1e klasse,1e jaar
īre,"eō, iī, itum",gaan,werkwoord,onregelmatig,1e jaar
is,"ea, id","hij, zij, het, degene, datgene, deze, dit",voornaamwoord,aanwijzend,1e jaar
iste,"ista, istud","die, dat",voornaamwoord,aanwijzend,1e jaar
ita,-,zo,bijwoord,-,C1T1
Ītalia,Ītaliae,Italië,substantief,1e klasse,1e jaar
itaque,-,dus,voegwoord,nevenschikkend,1e jaar
iter,itineris o.,"de tocht, de reis, de (dag)mars, de weg, de loop",substantief,2e klasse,C1T2
iterum,-,"voor de tweede keer, opnieuw, aan de andere kant",bijwoord,,C1T4
iubēre,"iubeō, iussī, iussum","bevelen, opdragen",werkwoord,e-vervoeging,1e jaar
iūs,iūris,"het recht, de rechtspraak, de rechtbank; de juridische bevoegdheid, het gezag",substantief,2e klasse,C1T5
labī,"labor, lapsus sum",glijden,werkwoord,consonantvervoeging,2e jaar
labōrāre,"labōrō, labōrāvī, labōrātum",werken,werkwoord,a-vervoeging,2e jaar
laudāre,"laudō, laudāvī, laudātum","prijzen, eren, loven",werkwoord,a-vervoeging,2e jaar
lectīca,lectīcae,de draagstoel,substantief,1e klasse,C1T3
lēgātus,lēgātī,de gezant; de onderbevelhebber; de gouverneur,substantief,1e klasse,1e jaar
lēx,lēgis,de wet,substantief,2e klasse,1e jaar
lītus,lītoris,de kust,substantief,2e klasse,1e jaar
locus,"locī (mv. ook loca, -ōrum)","de plaats, het gebied, het terrein",substantief,1e klasse,1e jaar
longus,"longa, longum","lang, uitgestrekt, langdurig",adjectief,1e klasse,C1T4
loquī,"loquor, locūtus sum","spreken, zeggen, praten, noemen",werkwoord,consonantvervoeging,2e jaar
lupa,lupae,de wolvin,substantief,1e klasse,1e jaar
magnus,"magna, magnum",groot,adjectief,1e klasse,2e jaar
manēre,"maneō, mansī, mansum","blijven, wachten op",werkwoord,e-vervoeging,1e jaar
manus,manūs v.,de hand,substantief,3e klasse,2e jaar
māter,mātris,de moeder,substantief,2e klasse,1e jaar
medium,mediī,het midden,substantief,1e klasse,2e jaar
memor (+gen.),memoris,"denkend aan, getuigend van, onverzoenlijk, dankbaar",adjectief,2e klasse,C1T5
mēns,mentis,"de geest, het verstand, de gezindheid",substantief,2e klasse,1e jaar
mensa,mensae,de tafel,substantief,1e klasse,2e jaar
mentiō,mentiōnis,de melding,substantief,2e klasse,C1T5
mentīrī,"mentior, mentītus sum","liegen, verzinnen",werkwoord,ī-vervoeging,2e jaar
meus,"mea, meum",mijn,voornaamwoord,bezittelijk,1e jaar
mīles,mīlitis m.,de soldaat,substantief,2e klasse,1e jaar
mille,"(mv.) milia, milium",1000,telwoord,hoofdtelwoord,2e jaar
mittere,"mittō, mīsī, missum","laten gaan, sturen, zenden",werkwoord,consonantvervoeging,1e jaar
modo,-,"slechts, zojuist, (+gen.) op de manier van",bijwoord,-,C1T1
modus,modī,"de maat, het maathouden, het voorschrift, de wijze",substantief,1e klasse,C1T5
mollis,"mollis, molle","zacht, tam",adjectief,2e klasse,2e jaar
monēre,"moneō, monuī, monitum","waarschuwen, herinneren aan, aanraden, voorspellen",werkwoord,e-vervoeging,1e jaar
mōns,montis m.,de berg,substantief,2e klasse,1e jaar
morbus,"morba, morbum",ziek,adjectief,1e klasse,C1T3
morī,"morior, mortuus sum",sterven,werkwoord,consonantvervoeging,1e jaar
mōs,mōris,"de gewoonte, de zede, de levenswijze, het karakter",substantief,2e klasse,1e jaar
multitūdō,multitūdinis,"het groot aantal, de menigte",substantief,2e klasse,C1T5
multus,"multa, multum",veel,adjectief,1e klasse,1e jaar
mūnīre,"mūniō, munīvī, munītum","bouwen, versterken, beschermen",werkwoord,ī-vervoeging,C1T2
mūnus,mūneris,"de taak, het ambt, het geschenk, de (gladiatoren)spelen",substantief,2e klasse,C1T5
mūrus,mūrī,de muur,substantief,1e klasse,1e jaar
nam,-,want,voegwoord,nevenschikkend,1e jaar
nātiō,nātiōnis,"de geboorte, de volksstam",substantief,2e klasse,C1T2
nē,-,"dat niet, dat (bij vrezen of verhinderen), opdat niet, (om) niet te",voegwoord,onderschikkend,C1T5
nēc/neque,-,"en niet, ook niet, zelfs niet",voegwoord,nevenschikkend,2e jaar
necāre,"necō, necāvī, nacātum",doden,werkwoord,a-vervoeging,1e jaar
necesse,necesse,noodzakelijk,adjectief,onverbuigbaar,2e jaar
negāre,"negō, negāvī, negātum","ontkennen, weigeren",werkwoord,a-vervoeging,2e jaar
nēmō,nullius,niemand,voornaamwoord,onbepaald,1e jaar
nescīre,"nesciō, nescīvī, nescītum",niet weten,werkwoord,ī-vervoeging,2e jaar
nihil,-,niets,voornaamwoord,onbepaald,2e jaar
nisi,-,"tenzij, als niet",voegwoord,onderschikkend,C1T1
nōn,-,niet,bijwoord,-,1e jaar
nōnus,"nōna, nōnum",9e,telwoord,rangtelwoord,2e jaar
nōs,nostrum,wij,voornaamwoord,persoonlijk,2e jaar
nōscere,"nōscō, nōvī, nōtum","leren kennen, te weten komen",werkwoord,consonantvervoeging,1e jaar
noster,"nostra, nostrum","ons, onze",voornaamwoord,bezittelijk,2e jaar
novem,-,9,telwoord,hoofdtelwoord,2e jaar
novus,"nova, novum","nieuw, ongewoon",adjectief,1e klasse,1e jaar
nox,noctis,de nacht,substantief,2e klasse,1e jaar
nullus,"nulla, nullum",geen (enkele),voornaamwoord,onbepaald,2e jaar
num,-,"toch niet?, of",partikel,-,C1T5
numquam,-,nooit,bijwoord,-,C1T5
nunc,-,nu,bijwoord,-,1e jaar
nuntiāre,"nūntiō, nuntiāvī, nuntiātum",melden,werkwoord,a-vervoeging,C1T5
oblīviscī,"oblīvīscor, oblītus sum",vergeten,werkwoord,consonantvervoeging,2e jaar
obsidiō,obsidiōnis,"de belegering, de benarde situatie",substantief,2e klasse,C1T5
obstāre,"obstō, obstitī, obstātum","verhinderen, in de weg staan",werkwoord,a-vervoeging,2e jaar
obviam,-,tegemoet,bijwoord,,C1T3
occidere,"occidō, occidī, occāsum","vallen, ondergaan, sneuvelen",werkwoord,consonantvervoeging,C1T3
occupāre,"occupō, occupāvī, occupātum","bezetten, in beslag nemen",werkwoord,a-vervoeging,C1T3
octāvus,"octāva, octāvum",8e,telwoord,rangtelwoord,2e jaar
octō,-,8,telwoord,hoofdtelwoord,2e jaar
oculus,oculī,het oog,substantief,1e klasse,C1T3
ōlim,-,"eens, vroeger",bijwoord,-,2e jaar
omnis,"omnis, omne","geheel, elk, ieder, alle",adjectief,2e klasse,1e jaar
oppidum,oppidī,"de stad, de vesting",substantief,1e klasse,1e jaar
opprimere,"opprimō, oppressī, oppressum","onderdrukken, overweldigen, neerdrukken",werkwoord,consonantvervoeging,C1T4
oppugnāre,"oppugnō, oppugnāvī, oppugnātum","aanvallen, bestormen",werkwoord,a-vervoeging,1e jaar
ōrnātus,"ōrnāta, ōrnātum","uitgerust, sierlijk, eervol",adjectief,1e klasse,C1T2
ostendere,"ostendō, ostendī, -","tonen, voor ogen houden",werkwoord,consonantvervoeging,C1T5
paene,-,bijna,bijwoord,-,2e jaar
pānis,pānis m.,het brood,substantief,2e klasse,1e jaar
pār,paris,"gelijk aan, opgewassen tegen",adjectief,2e klasse,2e jaar
pārēre,"pareō, paruī, pāritum",gehoorzamen,werkwoord,e-vervoeging,2e jaar
pars,partis,"het deel, het gedeelte, de kant",substantief,2e klasse,1e jaar
passus,passūs,"de stap, de dubbele pas (ca. 1,5m); mille passūs/milia passuum: een Romeinse mijl (ca. 1,5 km)",substantief,3e klasse,C1T4
patefacere,"patefaciō, patefēcī, patefactum","openmaken, begaanbaar maken, onthullen",werkwoord,ĭ-vervoeging,C1T2
pater,patris,de vader,substantief,2e klasse,1e jaar
patria,patriae,"het vaderland, de vaderstad",substantief,1e klasse,1e jaar
paucī,"paucae, pauca",weinigen,adjectief,1e klasse,1e jaar
paulum/paulo,-,"een weinig, een beetje",bijwoord,-,1e jaar
pāx,pācis,de vrede,substantief,2e klasse,C1T1
pecūnia,pecūniae,het geld,substantief,1e klasse,1e jaar
pellere,"pellō, pepulī, pulsum","stoten, verdrijven",werkwoord,consonantvervoeging,C1T3
per,+acc.,"door, over, gedurende, door middel van, bij",voorzetsel,+acc.,2e jaar
perīculum,perīculī,het gevaar,substantief,1e klasse,2e jaar
perīre,"pereō, periī, peritum",te gronde gaan,werkwoord,onregelmatig,C1T1
permittere,"permittō, permīsī, permīssum","toestaan, loslaten",werkwoord,consonantvervoeging,C1T1
persequi,"persequor, persecūtus sum",vervolgen,werkwoord,consonantvervoeging,C1T1
pertinācia,pertināciae,"de koppigheid, de volharding",substantief,1e klasse,C1T1
pervenīre,"perveniō, pervēnī, perventum","aankomen, bereiken",werkwoord,ī-vervoeging,1e jaar
petere,"petō, petīvī, petītum","verlangen, vragen, halen, gaan naar, trachten te bereiken",werkwoord,consonantvervoeging,1e jaar
petere,"petō, petī(v)ī, petītum","verlangen, vragen, halen, gaan naar, trachten te bereiken",werkwoord,consonantvervoeging,C1T3
piscis,piscis m.,de vis,substantief,2e klasse,2e jaar
pōnere,"pōnō, posuī, positum","plaatsen, zetten, (neer)leggen",werkwoord,consonantvervoeging,1e jaar
populus,populī,het volk,substantief,1e klasse,C1T2
poscere,"poscō, poposcī","eisen, verlangen",werkwoord,consonantvervoeging,2e jaar
posse,"possum, potuī",kunnen,werkwoord,onregelmatig,1e jaar
post,+acc.,na,voorzetsel,+acc.,1e jaar
post(eā),-,later,bijwoord,-,1e jaar
post(eā)quam,-,nadat,voegwoord,onderschikkend,C1T2
posterus,"postera, posterum","volgend, later",adjectief,1e klasse,C1T5
postulāre,"postulō, postulāvī, postulātum","eisen, verlangen",werkwoord,a-vervoeging,C1T5
potius,-,eerder,bijwoord,-,C1T1
praestāre,"praestō, praestitī, praestātum/praestitum","geven, overtreffen",werkwoord,a-vervoeging,C1T2
praeter,+acc.,langs; behalve,voorzetsel,+acc.,1e jaar
praetereā,-,bovendien,bijwoord,,C1T3
praetor,praetōris,"de praetor, hoge ambtenaar verantwoordelijk voor justitie en hoogste rechter",substantief,2e klasse,C1T3
premere,"premō, pressī, pressum","(neer)drukken, onderdrukken",werkwoord,consonantvervoeging,C1T3
pretium,pretiī,"de prijs, de waarde",substantief,1e klasse,2e jaar
prīmus,"prīma, prīmum",1e,telwoord,rangtelwoord,1e jaar
prīstinus,"prīstina, prīstinum","vroeger, oud",adjectief,1e klasse,C1T5
proelium,proeliī,"de slag, de strijd, het gevecht",substantief,1e klasse,1e jaar
prōflīgāre,"prōflīgō, prōfligāvī, prōfligātum","verslaan, vernietigen",werkwoord,a-vervoeging,C1T3
prohibēre,"prohibeō, prohibuī, prohibitum","verhinderen, afhouden van",werkwoord,e-vervoeging,1e jaar
prope,+acc.,"dichtbij, bijna",voorzetsel,+acc.,1e jaar
properus,"propera, properum",haastig,adjectief,1e klasse,C1T5
prōspicere,"prōspiciō, prōspexī, prōspectum","van ver kijken, voorzorgsmaatregelen treffen, zorgen",werkwoord,ĭ-vervoeging,C1T5
prūdentia,prūdentiae,"de kennis, het verstand",substantief,1e klasse,C1T2
puella,puellae,het meisje,substantief,1e klasse,1e jaar
puer,puerī,"de jongen, het kind; de slaaf",substantief,1e klasse,1e jaar
pugna,pugnae,"het gevecht, de slaglinie",substantief,1e klasse,C1T4
putāre,"putō, putāvī, putātum","denken, menen, beschouwen als",werkwoord,a-vervoeging,2e jaar
quaerere,"quaerō, quaesīvī, quaesītum","zoeken, vragen",werkwoord,consonantvervoeging,2e jaar
quam,-,"hoe, wat; (na comp.) dan",bijwoord,-,C1T1
quamdiū,-,(zolang) als,bijwoord,,C1T4
quantus,"quanta, quantum",hoe groot,adjectief,1e klasse,C1T2
quārē,-,waarom,bijwoord,,C1T4
quartus,"quarta, quartum",4e,telwoord,rangtelwoord,2e jaar
quattuor,-,4,telwoord,hoofdtelwoord,2e jaar
quī,"quae, quod","die, dat",voornaamwoord,betrekkelijk,1e jaar
quī,"quae, quod",welke,voornaamwoord,vragend,2e jaar
quidem,-,"weliswaar, wel",bijwoord,-,1e jaar
quinque,-,5,telwoord,hoofdtelwoord,2e jaar
quintus,"quinta, quintum",5e,telwoord,rangtelwoord,2e jaar
quis,"quis, quid","wie, wat",voornaamwoord,vragend,2e jaar
quod,-,omdat,voegwoord,onderschikkend,C1T1
quoniam,-,"omdat, aangezien",voegwoord,onderschikkend,1e jaar
quoque,-,ook,bijwoord,-,1e jaar
quotiens,-,hoe vaak,bijwoord,-,2e jaar
rapere,"rapiō, rapuī, raptum","meeslepen, snel grijpen, roven",werkwoord,ĭ-vervoeging,1e jaar
recēdere,"recēdō, recessī, recessum","teruggaan, zich terugtrekken",werkwoord,consonantvervoeging,2e jaar
recipere,"recipiō, recēpī, receptum","ontvangen, terugkrijgen",werkwoord,ĭ-vervoeging,2e jaar
recūsāre,"recūsō, recūsāvī, recūsātum","weigeren, zich verzetten (tegen: acc.)",werkwoord,a-vervoeging,C1T5
reddere,"reddō, reddidī, redditum","teruggeven, maken tot",werkwoord,consonantvervoeging,1e jaar
redīre,"redeō, rediī, reditum",terugkeren,werkwoord,onregelmatig,C1T1
referre,"referō, rettulī, relātum","terugbrengen, rapporteren, ter sprake brengen",werkwoord,onregelmatig,1e jaar
reficere,"reficiō, refēcī, refectum","herstellen, terugmaken",werkwoord,ĭ-vervoeging,C1T1
rēgnum,rēgnī,"het koningschap, de heerschappij, het rijk, het koninkrijk",substantief,1e klasse,1e jaar
relinquere,"relinquō, relīquī, relictum","achterlaten, (over)laten, (pass.) overblijven, verlaten, opgeven",werkwoord,consonantvervoeging,C1T1
reliquus,"reliqua, reliquum","overig, overgebleven, toekomstig",adjectief,1e klasse,C1T4
remittere,"remittō, remīsī, remissum","loslaten, terugsturen",werkwoord,consonantvervoeging,1e jaar
renovāre,"renovō, renovāvī, renovātum",hernieuwen,werkwoord,a-vervoeging,C1T1
renūntiāre,"renūntiō, renūntiāvī, renūntiātum","melden, iemand uitroepen tot, opzeggen",werkwoord,a-vervoeging,C1T5
repellere,"repellō, reppulī, repulsum",terugdrijven,werkwoord,consonantvervoeging,1e jaar
rēpere,"rēpō, rēpsī, rēptum",kruipen,werkwoord,consonantvervoeging,C1T2
repōnere,"repōnō, reposuī, repositum","terugplaatsen, wegleggen",werkwoord,consonantvervoeging,2e jaar
rēs,reī,de zaak,substantief,3e klasse,1e jaar
resistere,"resistō, restitī, -","stilstaan, (achter)blijven, zich verzetten (dat. tegen)",werkwoord,consonantvervoeging,C1T4
respicere,"respiciō, respēxī, respectum","terugkijken, omkijken",werkwoord,ĭ-vervoeging,2e jaar
respondēre,"respondeō, respondī, respōnsum",antwoorden,werkwoord,e-vervoeging,2e jaar
retinēre,"retineō, retinuī, retentum","tegenhouden, vasthouden, behouden",werkwoord,e-vervoeging,C1T5
revertī,"revertor, reversus sum","teruggaan, terugkeren",werkwoord,consonantvervoeging,2e jaar
revocāre,"revocō, revocāvī, revocātum","terugroepen opnieuw (op)roepen, hernieuwen, laten komen",werkwoord,a-vervoeging,C1T4
rēx,rēgis m.,de koning,substantief,2e klasse,1e jaar
rosa,rosae,de roos,substantief,1e klasse,1e jaar
sacēr,"sacra, sacrum",heilig,adjectief,1e klasse,1e jaar
saepe,-,"dikwijls, vaak",bijwoord,-,2e jaar
saltus,saltūs,"de sprong; (meestal mv.) het bosrijk dal, het bergwoud",substantief,3e klasse,C1T2
sānus,"sāna, sānum",gezond,adjectief,1e klasse,1e jaar
satis,-,genoeg; (+esse) volstaan,bijwoord,,C1T4
saucius,"saucia, saucium","gewond, geraakt",adjectief,1e klasse,C1T3
saxum,saxī,"de steen, de rots",substantief,1e klasse,1e jaar
scīlicet,-,"natuurlijk, namelijk",bijwoord,-,C1T5
scrībere,"scrībō, scrīpsī, scrīptum",schrijven,werkwoord,consonantvervoeging,1e jaar
sē,suī,zichzelf,voornaamwoord,persoonlijk,2e jaar
secundus,"secunda, secundum",2e,telwoord,rangtelwoord,2e jaar
sēcūrus,"sēcūra, sēcūrum","zonder zorg, onbezorgd",adjectief,1e klasse,2e jaar
sed,-,maar,voegwoord,nevenschikkend,1e jaar
sēiungere,"sēiungō, sēiūnxī, sēiūnctum","scheiden, uitsluiten",werkwoord,consonantvervoeging,C1T2
semper,-,altijd,bijwoord,-,C1T5
senātus,senatūs,"de senaat (raad van oudsten), de senaatszitting",substantief,3e klasse,C1T5
sentīre,"sentiō, sēnsī, sēnsum","voelen, merken, menen",werkwoord,ī-vervoeging,C1T5
septem,-,7,telwoord,hoofdtelwoord,2e jaar
septimus,"septima, septimum",7e,telwoord,rangtelwoord,2e jaar
servīre,"serviō, servīvī, servītum",dienen,werkwoord,ī-vervoeging,C1T1
servus,servī,"de slaaf, de dienaar",substantief,1e klasse,1e jaar
sevēritās,severitātis,de strengheid,substantief,2e klasse,2e jaar
sex,-,6,telwoord,hoofdtelwoord,1e jaar
sextus,"sexta, sextum",6e,telwoord,rangtelwoord,2e jaar
sī,-,"als, indien",voegwoord,onderschikkend,2e jaar
sīc,-,"aldus, zo",bijwoord,-,1e jaar
simul,-,"samen,tegelijk",bijwoord,,C1T4
sine,+abl.,zonder,voorzetsel,+abl.,C1T5
singulus,"singula, singulum","enig, telkens één",adjectief,1e klasse,2e jaar
socius,sociī,"de bondgenoot, de kameraad",substantief,1e klasse,2e jaar
sōlus,"sōla, sōlum",alleen,adjectief,1e klasse,1e jaar
stāre,"stō, stetī, statum",staan,werkwoord,a-vervoeging,2e jaar
statim,-,"direct, onmiddellijk",bijwoord,-,1e jaar
statuere,"statuō, statuī, statūtum","stellen, vaststellen, besluiten",werkwoord,consonantvervoeging,C1T1
studium,studiī,"de ijver, het enthousiasme, de sympathie",substantief,1e klasse,1e jaar
sub,+abl.,onder,voorzetsel,+abl.,2e jaar
sub,+acc.,tot onder,voorzetsel,+acc.,2e jaar
succumbere,"succumbō, succubuī, succubitum",bezwijken,werkwoord,consonantvervoeging,C1T1
sūmere ,"sūmō, sūmpsī, sūmptum","nemen, aannemen, ondernemen, (een dag) vaststellen",werkwoord,consonantvervoeging,C1T5
summus,"summa, summum","hoogst, hoogste",adjectief,1e klasse,1e jaar
sumptus,sumptūs,de kost,substantief,3e klasse,C1T1
superāre,"superō, superāvī, superātum","overwinnen, overtreffen",werkwoord,a-vervoeging,C1T1
superior,"superior, superius",vorig,adjectief,2e klasse,C1T3
suus,"sua, suum","zijn, haar, hun (eigen)",voornaamwoord,bezittelijk,2e jaar
tacēre,"taceō, tacuī, tacitum","zwijgen, verzwijgen",werkwoord,e-vervoeging,2e jaar
tamen,-,"toch, evenwel",bijwoord,-,C1T1
tantus,"tanta, tantum","zo groot, zo veel",adjectief,1e klasse,C1T2
tantus … quantus,,zo veel … als,adjectief,1e klasse,C1T2
tectum,tectī,"het dak, het huis",substantief,1e klasse,2e jaar
tegere,"tegō, tēxī, tēctum","bedekken, beschermen",werkwoord,consonantvervoeging,1e jaar
tēlum,tēlī,"het werptuig, de wapens",substantief,1e klasse,1e jaar
tempus,temporis,de tijd,substantief,2e klasse,1e jaar
tenēre,"teneō, tenuī, tentum","houden, vasthouden",werkwoord,e-vervoeging,2e jaar
tenuis,"tenuis, tenue","dun, fijn, teer",adjectief,2e klasse,2e jaar
tertius,"tertia, tertium",3e,telwoord,rangtelwoord,2e jaar
timidus,"timida, timidum","bang, angstig",adjectief,1e klasse,2e jaar
toga,togae,de toga,substantief,1e klasse,1e jaar
trādere,"trādō, trādidī, trāditum","overgeven, overleveren",werkwoord,consonantvervoeging,C1T1
trādūcere,"trādūcō, trādūxī, trādūctum","overbrengen, naar de overkant brengen, doorbrengen",werkwoord,consonantvervoeging,1e jaar
trahere,"trahō, trāxī, tractum","trekken, slepen",werkwoord,consonantvervoeging,2e jaar
trāicere,"trāiciō, trāiēcī, trāiectum","werpen over, laten oversteken",werkwoord,ĭ-vervoeging,1e jaar
trānsferre,"transferō, transtulī, translātum",overbrengen,werkwoord,onregelmatig,2e jaar
trānsīre,"trānseō, trānsiī, trānsitum",overtrekken,werkwoord,onregelmatig,1e jaar
trānsitus,trānsitūs,"de overgang, de doortocht",substantief,3e klasse,1e jaar
trecentī,"trecentae, trecenta",300,telwoord,hoofdtelwoord,C1T4
trēs,"trēs, tria",3,telwoord,hoofdtelwoord,1e jaar
tristis,"tristis, triste","somber, bedroefd",adjectief,2e klasse,2e jaar
tū,tuī,jij,voornaamwoord,persoonlijk,1e jaar
tum,-,"toen, dan",bijwoord,-,1e jaar
tunica,tunicae,de tuniek,substantief,1e klasse,2e jaar
tuus,"tua, tuum",jouw,voornaamwoord,bezittelijk,2e jaar
ubī,-,waar,bijwoord,-,1e jaar
ultimus,"ultima, ultimum","uiterst, laatste",adjectief,1e klasse,2e jaar
umquam,-,ooit,bijwoord,-,1e jaar
unde,-,"vanwaar, waarvandaan",bijwoord,-,2e jaar
undique,-,van alle kanten,bijwoord,-,1e jaar
ūnus,"ūna, ūnum",1,telwoord,hoofdtelwoord,1e jaar
urbs,urbis,de stad,substantief,2e klasse,1e jaar
ūsus,ūsūs,"het gebruik, de ervaring, het nut, de (sociale) omgang (met: gen.)",substantief,3e klasse,C1T5
ut(ī),-,"zoals, zodra als, dat, opdat",voegwoord,onderschikkend,1e jaar
uterque,"utraque, utrumque",elk van beide(n),voornaamwoord,onbepaald,1e jaar
uterque,"utraque, utrumque","elk van beiden, beide apart",voornaamwoord,onbepaald,C1T3
valēns,valentis,"sterk, effectief",adjectief,2e klasse,C1T4
valetūdō,valetūdinis,"de gezondheid, de toestand",substantief,2e klasse,C1T3
velle,"volō, voluī",willen,werkwoord,onregelmatig,1e jaar
venēnum,venēnī,"het gif, het tovermiddel, de venijnige taal",substantief,1e klasse,C1T5
venīre,"veniō, vēnī, ventum",komen,werkwoord,ī-vervoeging,1e jaar
venter,ventris,de buik,substantief,2e klasse,2e jaar
verbum,verbī,"het woord, het werkwoord",substantief,1e klasse,1e jaar
verērī,"vereor, veritus sum","ervoor terugschrikken, vrezen, bezorgd zijn, hoogachten",werkwoord,e-vervoeging,C1T5
vēritās,vēritātis,"de waarheid, de waarachtigheid, de oprechtheid, de werkelijkheid",substantief,2e klasse,1e jaar
vērō,-,"echter, inderdaad, werkelijk",bijwoord,-,1e jaar
vester,"vestra, vestrum",jullie,voornaamwoord,bezittelijk,2e jaar
vetus,veteris,oud,adjectief,2e klasse,2e jaar
via,viae,"de weg, de straat",substantief,1e klasse,1e jaar
vidēre,"videō, vīdī, vīsum",zien,werkwoord,e-vervoeging,1e jaar
vidērī,"videor, vīsus sum","gezien worden, blijken, schijnen",werkwoord,e-vervoeging,2e jaar
vīgintī,-,20,telwoord,hoofdtelwoord,1e jaar
vincere,"vincō, vīcī, victum",overwinnen,werkwoord,consonantvervoeging,1e jaar
vīnum,vīnī,de wijn,substantief,1e klasse,1e jaar
virgō,virginis,"het meisje, de jonge vrouw, de maagd",substantief,2e klasse,1e jaar
virtūs,virtūtis v.,"de moed, de dapperheid",substantief,2e klasse,C1T1
vīs,- v.,"de kracht, het geweld",substantief,2e klasse,1e jaar
vīta,vītae,"het leven, de levensloop, de levenswijze",substantief,1e klasse,C1T5
vīvus,"vīva, vīvum","levend, levensecht, levendig",adjectief,1e klasse,C1T5
vix,-,nauwelijks,bijwoord,-,1e jaar
vocāre,"vocō, vocāvī, vocātum","roepen, noemen",werkwoord,a-vervoeging,1e jaar
volāre,"volō, volāvī, volātum",vliegen,werkwoord,a-vervoeging,1e jaar
vōs,vestrum,jullie,voornaamwoord,persoonlijk,2e jaar
vulnerāre,"vulnerō, vulnerāvī, vulnerātum",verwonden,werkwoord,a-vervoeging,1e jaar
vulnus,vulneris,de wond,substantief,2e klasse,1e jaar
